unit_name,plant_name,state,iso_region,pathway,operating_status,license_or_retirement_status_evidence,owner_or_developer_signal,assumed_availability_year,net_summer_capacity_MW,recoverability_factor,credited_capacity_mid_MW,credited_capacity_low_MW,credited_capacity_high_MW,included_in_retention_case,included_in_restart_case,included_in_planned_case,screening_reason,exclusion_reason_if_any,source_reference_or_note,source_table,script_path
Diablo Canyon 2,Diablo Canyon,CA,CAISO,retention,operating retention candidate,"scheduled retirement unit, 2025-2035",encoded in candidate screening source; EIA-860M BA-code audit applied for RTO mapping,2025,1118.0,0.0,0.0,0.0,0.0,True,False,False,"scheduled retirement unit, 2025-2035",zero recoverability under the current regional recovery screen,"EIA generator records, EIA-860M balancing-authority audit and nuclear candidate screen",tables/fig2_5_canonical_20260514/fig4/fig4_unit_level_nuclear_candidates_canonical.csv,scripts/build_fig2_5_canonical_data.py
Perry 1,Perry,OH,PJM,retention,operating retention candidate,"scheduled retirement unit, 2025-2035",encoded in candidate screening source; EIA-860M BA-code audit applied for RTO mapping,2026,1240.0,0.4370458721033604,487.7431932673502,433.5495051265335,541.9368814081669,True,False,False,"scheduled retirement unit, 2025-2035",,"EIA generator records, EIA-860M balancing-authority audit and nuclear candidate screen",tables/fig2_5_canonical_20260514/fig4/fig4_unit_level_nuclear_candidates_canonical.csv,scripts/build_fig2_5_canonical_data.py
Clinton Power Station 1,Clinton Power Station,IL,MISO,retention,operating retention candidate,"scheduled retirement unit, 2025-2035",encoded in candidate screening source; EIA-860M BA-code audit applied for RTO mapping,2027,1078.9,0.39835120925341755,386.8030076971611,343.8248957308099,429.7811196635123,True,False,False,"scheduled retirement unit, 2025-2035",,"EIA generator records, EIA-860M balancing-authority audit and nuclear candidate screen",tables/fig2_5_canonical_20260514/fig4/fig4_unit_level_nuclear_candidates_canonical.csv,scripts/build_fig2_5_canonical_data.py
Dresden Generating Station 2,Dresden Generating Station,IL,PJM,retention,operating retention candidate,"scheduled retirement unit, 2025-2035",encoded in candidate screening source; EIA-860M BA-code audit applied for RTO mapping,2029,902.0,0.4370458721033604,354.79383897350795,315.37230130978486,394.21537663723103,True,False,False,"scheduled retirement unit, 2025-2035",,"EIA generator records, EIA-860M balancing-authority audit and nuclear candidate screen",tables/fig2_5_canonical_20260514/fig4/fig4_unit_level_nuclear_candidates_canonical.csv,scripts/build_fig2_5_canonical_data.py
R E Ginna Nuclear Power Plant 1,R E Ginna Nuclear Power Plant,NY,NYISO,retention,operating retention candidate,"scheduled retirement unit, 2025-2035",encoded in candidate screening source; EIA-860M BA-code audit applied for RTO mapping,2029,581.5,0.4459964975434159,233.41226698934676,207.4775706571971,259.3469633214964,True,False,False,"scheduled retirement unit, 2025-2035",,"EIA generator records, EIA-860M balancing-authority audit and nuclear candidate screen",tables/fig2_5_canonical_20260514/fig4/fig4_unit_level_nuclear_candidates_canonical.csv,scripts/build_fig2_5_canonical_data.py
Nine Mile Point Nuclear Station 1,Nine Mile Point Nuclear Station,NY,NYISO,retention,operating retention candidate,"scheduled retirement unit, 2025-2035",encoded in candidate screening source; EIA-860M BA-code audit applied for RTO mapping,2029,621.4,0.4459964975434159,249.42800121613075,221.71377885878292,277.14222357347865,True,False,False,"scheduled retirement unit, 2025-2035",,"EIA generator records, EIA-860M balancing-authority audit and nuclear candidate screen",tables/fig2_5_canonical_20260514/fig4/fig4_unit_level_nuclear_candidates_canonical.csv,scripts/build_fig2_5_canonical_data.py
Comanche Peak 1,Comanche Peak,TX,ERCOT,retention,operating retention candidate,"scheduled retirement unit, 2025-2035",encoded in candidate screening source; EIA-860M BA-code audit applied for RTO mapping,2030,1205.0,0.7999999999999999,867.6,771.2,964.0,True,False,False,"scheduled retirement unit, 2025-2035",,"EIA generator records, EIA-860M balancing-authority audit and nuclear candidate screen",tables/fig2_5_canonical_20260514/fig4/fig4_unit_level_nuclear_candidates_canonical.csv,scripts/build_fig2_5_canonical_data.py
Monticello Nuclear Facility 1,Monticello Nuclear Facility,MN,MISO,retention,operating retention candidate,"scheduled retirement unit, 2025-2035",encoded in candidate screening source; EIA-860M BA-code audit applied for RTO mapping,2030,617.0,0.39835120925341755,221.20442649842275,196.6261568874869,245.78269610935862,True,False,False,"scheduled retirement unit, 2025-2035",,"EIA generator records, EIA-860M balancing-authority audit and nuclear candidate screen",tables/fig2_5_canonical_20260514/fig4/fig4_unit_level_nuclear_candidates_canonical.csv,scripts/build_fig2_5_canonical_data.py
Point Beach Nuclear Plant 1,Point Beach Nuclear Plant,WI,MISO,retention,operating retention candidate,"scheduled retirement unit, 2025-2035",encoded in candidate screening source; EIA-860M BA-code audit applied for RTO mapping,2030,589.0,0.39835120925341755,211.16597602523663,187.70308980021034,234.62886225026293,True,False,False,"scheduled retirement unit, 2025-2035",,"EIA generator records, EIA-860M balancing-authority audit and nuclear candidate screen",tables/fig2_5_canonical_20260514/fig4/fig4_unit_level_nuclear_candidates_canonical.csv,scripts/build_fig2_5_canonical_data.py
Dresden Generating Station 3,Dresden Generating Station,IL,PJM,retention,operating retention candidate,"scheduled retirement unit, 2025-2035",encoded in candidate screening source; EIA-860M BA-code audit applied for RTO mapping,2031,895.0,0.4370458721033604,352.04044997925683,312.924844426006,391.15605553250754,True,False,False,"scheduled retirement unit, 2025-2035",,"EIA generator records, EIA-860M balancing-authority audit and nuclear candidate screen",tables/fig2_5_canonical_20260514/fig4/fig4_unit_level_nuclear_candidates_canonical.csv,scripts/build_fig2_5_canonical_data.py
Quad Cities Generating Station 1,Quad Cities Generating Station,IL,PJM,retention,operating retention candidate,"scheduled retirement unit, 2025-2035",encoded in candidate screening source; EIA-860M BA-code audit applied for RTO mapping,2032,908.0,0.4370458721033604,357.15388668286613,317.4701214958811,396.83765186985124,True,False,False,"scheduled retirement unit, 2025-2035",,"EIA generator records, EIA-860M balancing-authority audit and nuclear candidate screen",tables/fig2_5_canonical_20260514/fig4/fig4_unit_level_nuclear_candidates_canonical.csv,scripts/build_fig2_5_canonical_data.py
Quad Cities Generating Station 2,Quad Cities Generating Station,IL,PJM,retention,operating retention candidate,"scheduled retirement unit, 2025-2035",encoded in candidate screening source; EIA-860M BA-code audit applied for RTO mapping,2032,911.0,0.4370458721033604,358.3339105375452,318.51903158892907,398.1487894861613,True,False,False,"scheduled retirement unit, 2025-2035",,"EIA generator records, EIA-860M balancing-authority audit and nuclear candidate screen",tables/fig2_5_canonical_20260514/fig4/fig4_unit_level_nuclear_candidates_canonical.csv,scripts/build_fig2_5_canonical_data.py
Comanche Peak 2,Comanche Peak,TX,ERCOT,retention,operating retention candidate,"scheduled retirement unit, 2025-2035",encoded in candidate screening source; EIA-860M BA-code audit applied for RTO mapping,2033,1195.0,0.7999999999999999,860.4,764.8000000000001,956.0,True,False,False,"scheduled retirement unit, 2025-2035",,"EIA generator records, EIA-860M balancing-authority audit and nuclear candidate screen",tables/fig2_5_canonical_20260514/fig4/fig4_unit_level_nuclear_candidates_canonical.csv,scripts/build_fig2_5_canonical_data.py
Point Beach Nuclear Plant 2,Point Beach Nuclear Plant,WI,MISO,retention,operating retention candidate,"scheduled retirement unit, 2025-2035",encoded in candidate screening source; EIA-860M BA-code audit applied for RTO mapping,2033,596.3,0.39835120925341755,213.78314347003158,190.02946086225032,237.53682607781286,True,False,False,"scheduled retirement unit, 2025-2035",,"EIA generator records, EIA-860M balancing-authority audit and nuclear candidate screen",tables/fig2_5_canonical_20260514/fig4/fig4_unit_level_nuclear_candidates_canonical.csv,scripts/build_fig2_5_canonical_data.py
Prairie Island 1,Prairie Island,MN,MISO,retention,operating retention candidate,"scheduled retirement unit, 2025-2035",encoded in candidate screening source; EIA-860M BA-code audit applied for RTO mapping,2033,521.0,0.39835120925341755,186.7868820189275,166.03278401682445,207.54098002103055,True,False,False,"scheduled retirement unit, 2025-2035",,"EIA generator records, EIA-860M balancing-authority audit and nuclear candidate screen",tables/fig2_5_canonical_20260514/fig4/fig4_unit_level_nuclear_candidates_canonical.csv,scripts/build_fig2_5_canonical_data.py
Arkansas Nuclear One 1,Arkansas Nuclear One,AR,MISO,retention,operating retention candidate,"scheduled retirement unit, 2025-2035",encoded in candidate screening source; EIA-860M BA-code audit applied for RTO mapping,2034,833.8,0.39835120925341755,298.9307144479495,265.71619062039963,332.14523827549954,True,False,False,"scheduled retirement unit, 2025-2035",,"EIA generator records, EIA-860M balancing-authority audit and nuclear candidate screen",tables/fig2_5_canonical_20260514/fig4/fig4_unit_level_nuclear_candidates_canonical.csv,scripts/build_fig2_5_canonical_data.py
Calvert Cliffs Nuclear Power Plant 1,Calvert Cliffs Nuclear Power Plant,MD,PJM,retention,operating retention candidate,"scheduled retirement unit, 2025-2035",encoded in candidate screening source; EIA-860M BA-code audit applied for RTO mapping,2034,884.2,0.4370458721033604,347.79236410241214,309.14876809103305,386.4359601137913,True,False,False,"scheduled retirement unit, 2025-2035",,"EIA generator records, EIA-860M balancing-authority audit and nuclear candidate screen",tables/fig2_5_canonical_20260514/fig4/fig4_unit_level_nuclear_candidates_canonical.csv,scripts/build_fig2_5_canonical_data.py
Donald C Cook 1,Donald C Cook,MI,PJM,retention,operating retention candidate,"scheduled retirement unit, 2025-2035",encoded in candidate screening source; EIA-860M BA-code audit applied for RTO mapping,2034,1008.9999999999999,0.4370458721033604,396.88135645706154,352.7834279618325,440.9792849522905,True,False,False,"scheduled retirement unit, 2025-2035",,"EIA generator records, EIA-860M balancing-authority audit and nuclear candidate screen",tables/fig2_5_canonical_20260514/fig4/fig4_unit_level_nuclear_candidates_canonical.csv,scripts/build_fig2_5_canonical_data.py
Cooper Nuclear Station 1,Cooper Nuclear Station,NE,SPP,retention,operating retention candidate,"scheduled retirement unit, 2025-2035",encoded in candidate screening source; EIA-860M BA-code audit applied for RTO mapping,2034,768.5,0.35,242.0775,215.17999999999998,268.97499999999997,True,False,False,"scheduled retirement unit, 2025-2035",,"EIA generator records, EIA-860M balancing-authority audit and nuclear candidate screen",tables/fig2_5_canonical_20260514/fig4/fig4_unit_level_nuclear_candidates_canonical.csv,scripts/build_fig2_5_canonical_data.py
James A Fitzpatrick 1,James A Fitzpatrick,NY,NYISO,retention,operating retention candidate,"scheduled retirement unit, 2025-2035",encoded in candidate screening source; EIA-860M BA-code audit applied for RTO mapping,2034,852.8,0.4459964975434159,342.31123179452254,304.2766504840201,380.34581310502506,True,False,False,"scheduled retirement unit, 2025-2035",,"EIA generator records, EIA-860M balancing-authority audit and nuclear candidate screen",tables/fig2_5_canonical_20260514/fig4/fig4_unit_level_nuclear_candidates_canonical.csv,scripts/build_fig2_5_canonical_data.py
Prairie Island 2,Prairie Island,MN,MISO,retention,operating retention candidate,"scheduled retirement unit, 2025-2035",encoded in candidate screening source; EIA-860M BA-code audit applied for RTO mapping,2034,519.0,0.39835120925341755,186.06984984227134,165.39542208201897,206.7442776025237,True,False,False,"scheduled retirement unit, 2025-2035",,"EIA generator records, EIA-860M balancing-authority audit and nuclear candidate screen",tables/fig2_5_canonical_20260514/fig4/fig4_unit_level_nuclear_candidates_canonical.csv,scripts/build_fig2_5_canonical_data.py
Palisades 1,Palisades,MI,MISO,restart,restart or planned-opportunity candidate,non-operating nuclear restart candidate,encoded in candidate screening source; EIA-860M BA-code audit applied for RTO mapping,2028,768.5,1.0,691.65,614.8000000000001,768.5,False,True,False,non-operating nuclear restart candidate,,"EIA generator records, EIA-860M balancing-authority audit and nuclear candidate screen",tables/fig2_5_canonical_20260514/fig4/fig4_unit_level_nuclear_candidates_canonical.csv,scripts/build_fig2_5_canonical_data.py
Crane Clean Energy Center 1,Crane Clean Energy Center,PA,PJM,restart,restart or planned-opportunity candidate,non-operating nuclear restart candidate,encoded in candidate screening source; EIA-860M BA-code audit applied for RTO mapping,2028,802.8,1.0,722.52,642.24,802.8,False,True,False,non-operating nuclear restart candidate,,"EIA generator records, EIA-860M balancing-authority audit and nuclear candidate screen",tables/fig2_5_canonical_20260514/fig4/fig4_unit_level_nuclear_candidates_canonical.csv,scripts/build_fig2_5_canonical_data.py
